<?xml version="1.0" encoding="UTF-8" standalone="yes"?>
<addon id="plugin.video.exodus" version="3.1.25" name="Exodus" provider-name="Exodus">
	<requires>
		<import addon="xbmc.python" version="2.19.0" />
		<import addon="repository.exodus" version="1.0.0" />
		<import addon="script.exodus.artwork" version="1.0.4" />
		<import addon="script.exodus.metadata" version="1.0.0" />
		<import addon="script.module.urlresolver" version="3.0.0" />
		<import addon="script.module.metahandler" version="1.0.0" />
	</requires>
	<extension point="xbmc.python.pluginsource" library="exodus.py">
		<provides>video</provides>
	</extension>
	<extension point="xbmc.service" library="service.py" start="startup" />
	<extension point="xbmc.addon.metadata">
		<summary lang="en">Exodus</summary>
		<description lang="de">Bitte besuche [COLOR blue]http://xstream-addon.square7.ch/showthread.php?tid=1090[/COLOR] für Unterstützung und Fragen zu Exodus!Exodus FAQ bitte hier lesen [COLOR blue]http://xstream-addon.square7.ch/showthread.php?tid=923[/COLOR] Beachte dabei, dass Exodus nicht offizieller Teil des Media Players ist den du gerade verwendest und daher nicht von dem offiziellen Support-Kanäle abgedeckt wird, dieses Addon hat nichts zu tun mit dem Media-Player selbst, noch ist es dafür beabsichtigt, es handelt sich hierbei lediglich um ein Drittanbieter-Anwendung die dem System hinzugefügt wurde.</description>
		<disclaimer lang="de">Die von diesem Addon dargestellten Inhalte werden von den Erstellern des Addons weder gehostet oder verbreitet, noch stehen die Ersteller in irgendeiner Beziehung zu den Content-Anbietern.</disclaimer>
		<platform>all</platform>
		<forum>http://xstream-addon.square7.ch/forumdisplay.php?fid=11</forum>
	        <source>https://github.com/lastship/plugin.video.exodus</source>
		<assets>
			<icon>icon.png</icon>
			<fanart>fanart.jpg</fanart>
			<screenshot>resources/screenshots/screenshot-01.jpg</screenshot>
			<screenshot>resources/screenshots/screenshot-02.jpg</screenshot>
			<screenshot>resources/screenshots/screenshot-03.jpg</screenshot>
		</assets>
		<news>- Remove unfunctional english providers; add new ones (Thx petemei)
- Update german translation
- Remove all non-DE/EN-sources 
- Lift German Providers to Top in Settings</news>
	</extension>
</addon>
