<?xml version="1.0" encoding="UTF-8" standalone="yes"?>
<addons>
<addon id="plugin.video.exodus" version="3.1.25" name="Exodus" provider-name="Exodus">
	<requires>
		<import addon="xbmc.python" version="2.19.0" />
		<import addon="repository.exodus" version="1.0.0" />
		<import addon="script.exodus.artwork" version="1.0.4" />
		<import addon="script.exodus.metadata" version="1.0.0" />
		<import addon="script.module.urlresolver" version="3.0.0" />
		<import addon="script.module.metahandler" version="1.0.0" />
	</requires>
	<extension point="xbmc.python.pluginsource" library="exodus.py">
		<provides>video</provides>
	</extension>
	<extension point="xbmc.service" library="service.py" start="startup" />
	<extension point="xbmc.addon.metadata">
		<summary lang="en">Exodus</summary>
		<description lang="de">Wir suchen Entwickler. Bitte besuche [COLOR blue]http://xstream-addon.square7.ch/showthread.php?tid=1094[/COLOR] für Unterstützung und Fragen zu Exodus! Exodus FAQ bitte lesen. Beachte dabei, dass Exodus nicht offizieller Teil des Media Players ist den du gerade verwendest und daher nicht von dem offiziellen Support-Kanäle abgedeckt wird, dieses Addon hat nichts zu tun mit dem Media-Player selbst, noch ist es dafür beabsichtigt, es handelt sich hierbei lediglich um ein Drittanbieter-Anwendung die dem System hinzugefügt wurde</description>
		<disclaimer lang="de">Die von diesem Addon dargestellten Inhalte werden von den Erstellern des Addons weder gehostet oder verbreitet, noch stehen die Ersteller in irgendeiner Beziehung zu den Content-Anbietern.</disclaimer>
		<platform>all</platform>
		<forum>http://xstream-addon.square7.ch/forumdisplay.php?fid=11</forum>
		<source>https://github.com/lastship/plugin.video.exodus/</source>
		<assets>
			<icon>icon.png</icon>
			<fanart>fanart.jpg</fanart>
			<screenshot>resources/screenshots/screenshot-01.jpg</screenshot>
			<screenshot>resources/screenshots/screenshot-02.jpg</screenshot>
			<screenshot>resources/screenshots/screenshot-03.jpg</screenshot>
		</assets>
		<news>Remove unfunctional english providers; add new ones (Thx petemei)
- Update german translation
- Remove all non-DE/EN-sources 
- Lift German Providers to Top in Settings </news>
	</extension>
</addon>

<addon id="script.exodus.artwork" version="1.0.5" name="Exodus Artwork" provider-name="Exodus">
	<requires>
		<import addon="xbmc.python" version="2.19.0"/>
	</requires>
	<extension point="xbmc.python.module" library="lib" />
	<extension point="xbmc.addon.metadata">
		<summary>Themes for the Exodus Addon</summary>
		<description>Themes for Exodus are maintained separately to make distribution of the the addon itself easier/faster.</description>
		<platform>all</platform>
	</extension>
</addon>

<addon id="script.exodus.metadata" version="1.0.0" name="Exodus Metadata" provider-name="Exodus">
	<requires>
		<import addon="xbmc.python" version="2.19.0"/>
	</requires>
	<extension point="xbmc.python.module" library="lib" />
	<extension point="xbmc.addon.metadata">
		<summary>Metadata for the Exodus Addon</summary>
		<description>Metadata for Exodus are maintained separately to make distribution of the the addon itself easier/faster.</description>
		<platform>all</platform>
	</extension>
</addon>

<addon id="script.module.tknorris.shared" name="TKNorris Common Libraries" version="0.0.23" provider-name="tknorris">
	<requires>
		<import addon="xbmc.python" version="2.1.0" />
	</requires>
	<extension point="xbmc.python.module" library="lib" />
	<extension point="xbmc.addon.metadata">
		<platform>all</platform>
		<summary lang="en">Reusable Modules used by several of tknorris's addons</summary>
	</extension>
</addon>

<addon id="script.tvaddons.debug.log" name="TVA Log Uploader" version="1.0.7" provider-name="tvaddons.ag">
    <requires>
        <import addon="xbmc.python" version="2.20.0"/>
    </requires>
    <extension point="xbmc.python.script" library="default.py">
        <provides>executable</provides>
    </extension>
    <extension point="xbmc.addon.metadata">
        <summary lang="en">Upload Debug Logs to Shareable Location</summary>
        <description lang="en">This add-on gives you the ability to upload your Kodi error logs to a shareable location, and can also optionally email you the link to your logs. Before you get started, be sure to Toggle ON the “Enable debug logging” function under the SYSTEM -> Settings -> System -> Logging menu within Kodi.</description>
        <language></language>
        <platform>all</platform>
        <source>https://github.com/lastship/script.tvaddons.debug.log</source> 
    </extension>
</addon>
</addons>
